,nbr of visits,accuracy,recall,f1
0,192,0.9473418364777966,0.9051552005808713,0.9257681635779638
