,nbr of visits,accuracy,recall,f1
0,192,0.7281922510639152,0.4420947540388402,0.5501726887906857
